,p Layers,Squared Overlap
0,1,0.04618077716643012
1,2,0.036178387470815684
2,3,0.04715183898558949
3,4,0.05530683287746624
4,5,0.05808151677983878
5,6,0.05454880038236197
6,7,0.04938537227455411
7,8,0.04629263256885406
8,9,0.08566544924342447
9,10,0.1043485882735942
10,20,0.12624849054242848
